1,0
2,0
3,0
4,0
5,0
6,0
7,0
8,0
9,0
a,0
а,0
в,0
и,0
к,0
о,0
с,0
у,0
я,0
an,0
as,0
at,0
be,0
by,0
do,0
in,0
is,0
of,0
on,0
to,0
бы,0
во,0
вы,0
да,0
до,0
ее,0
ей,0
ем,0
же,0
за,0
из,0
им,0
их,0
ли,0
мы,0
на,0
не,0
но,0
ну,0
об,0
он,0
от,0
по,0
со,0
та,0
те,0
то,0
ты,0
and,0
are,0
can,0
did,0
for,0
had,0
has,0
how,0
may,0
out,0
pro,0
the,0
was,0
who,0
why,0
без,0
вам,0
ваш,0
все,0
всё,0
где,0
год,0
для,0
дым,0
его,0
ещё,0
или,0
ими,0
как,0
кот,0
кто,0
мой,0
над,0
нам,0
нет,0
нож,0
она,0
они,0
оно,0
под,0
пол,0
при,0
про,0
раз,0
сад,0
так,0
тот,0
уже,0
чем,0
что,0
это,0
been,0
does,0
have,0
into,0
like,0
must,0
over,0
plus,0
that,0
this,0
were,0
what,0
when,0
whom,0
will,0
with,0
арфа,0
бить,0
быть,0
весь,0
вода,0
всех,0
даже,0
дать,0
если,0
жить,0
злой,0
и пк,0
идти,0
изза,0
куст,0
лечь,0
либо,0
лира,0
лист,0
луна,0
меня,0
море,0
мост,0
мочь,0
мыть,0
небо,0
ними,0
окно,0
петь,0
пить,0
поле,0
пруд,0
река,0
свет,0
свой,0
себя,0
село,0
стол,0
стул,0
тоже,0
уйти,0
чаша,0
шкаф,0
этот,0
ящик,0
about,0
after,0
among,0
being,0
could,0
doing,0
might,0
shall,0
these,0
those,0
under,0
where,0
which,0
would,0
актив,0
бегун,0
белый,0
бокал,0
брать,0
будет,0
ведро,0
везти,0
вести,0
ветер,0
взять,0
войти,0
врать,0
время,0
выйти,0
гнать,0
гусли,0
дверь,0
дикий,0
дождь,0
дойти,0
домра,0
дудук,0
ехать,0
ждать,0
жилой,0
зайти,0
зачем,0
звать,0
земля,0
знать,0
иметь,0
какая,0
какие,0
какой,0
камни,0
ковер,0
когда,0
котор,0
крыша,0
лампа,0
левый,0
лезть,0
лимон,0
ложка,0
любой,0
лютня,0
между,0
могут,0
может,0
найти,0
нести,0
нечто,0
никто,0
новая,0
новое,0
новые,0
новый,0
новых,0
общий,0
огонь,0
озеро,0
орать,0
орган,0
перед,0
песня,0
песок,0
плыть,0
пойти,0
после,0
почти,0
птица,0
расти,0
рвать,0
риски,0
ручей,0
ручка,0
свеча,0
сдать,0
сесть,0
синий,0
сиять,0
сметь,0
смочь,0
снять,0
сойти,0
спать,0
сразу,0
стена,0
сухой,0
сытый,0
такая,0
такие,0
такой,0
тихий,0
трава,0
труба,0
тупой,0
убить,0
узкий,0
улица,0
уметь,0
учить,0
худой,0
цветы,0
части,0
часть,0
через,0
школа,0
южный,0
явный,0
яркий,0
ясный,0
around,0
before,0
during,0
having,0
should,0
балкон,0
бананы,0
бегать,0
бедный,0
бежать,0
болеть,0
бывать,0
велеть,0
верить,0
вечный,0
видеть,0
висеть,0
влиять,0
водить,0
возить,0
ворота,0
встать,0
выдать,0
выпить,0
вязкий,0
гитара,0
глупый,0
глухой,0
гордый,0
гореть,0
грубый,0
гулять,0
давать,0
давить,0
делать,0
делить,0
дерево,0
добрый,0
долгий,0
другая,0
другие,0
другой,0
думать,0
дышать,0
единый,0
ездить,0
жалеть,0
жаркий,0
желать,0
желтый,0
жидкий,0
забыть,0
задний,0
занять,0
зимний,0
играть,0
искать,0
каждый,0
казать,0
камень,0
кислый,0
класть,0
кресло,0
кривой,0
кружка,0
купить,0
курить,0
легкий,0
лежать,0
летать,0
лететь,0
летний,0
лечить,0
лживый,0
липкий,0
листок,0
личный,0
лишать,0
лишний,0
ловить,0
ломать,0
ломкий,0
любить,0
мелкий,0
менять,0
мешать,0
мирный,0
модный,0
мокрый,0
молить,0
мутный,0
мучить,0
мягкий,0
надеть,0
начать,0
нибудь,0
нижний,0
низкий,0
новыми,0
носить,0
ночной,0
нужный,0
особый,0
острый,0
отдать,0
отойти,0
падать,0
первый,0
писать,0
подвал,0
пожать,0
понять,0
почему,0
правый,0
прийти,0
пройти,0
прямой,0
пряный,0
пугать,0
пустой,0
пытать,0
пышный,0
разный,0
ранний,0
редкий,0
решать,0
решить,0
робкий,0
ровный,0
россии,0
ругать,0
рыхлый,0
свежий,0
сидеть,0
скорый,0
слабый,0
смелый,0
собака,0
сочный,0
спасти,0
спелый,0
старый,0
стоить,0
стоять,0
судить,0
суметь,0
сунуть,0
счесть,0
съесть,0
тайный,0
тащить,0
темный,0
теплый,0
тереть,0
терять,0
тесный,0
только,0
точный,0
тянуть,0
убрать,0
уехать,0
узнать,0
упасть,0
уснуть,0
успеть,0
устать,0
флейта,0
ходить,0
хотеть,0
цветок,0
ценить,0
частей,0
частый,0
чердак,0
черный,0
чистый,0
читать,0
шагать,0
шутить,0
яблоко,0
являть,0
against,0
between,0
through,0
without,0
барабан,0
блеклый,0
близкий,0
богатый,0
больной,0
большой,0
бояться,0
браться,0
бродить,0
бросать,0
бросить,0
будущий,0
быстрее,0
быстрый,0
вводить,0
вернуть,0
верхний,0
веселый,0
вестись,0
взяться,0
видимый,0
владеть,0
влажный,0
внешний,0
вносить,0
водопад,0
воевать,0
волынка,0
вредный,0
входить,0
выбрать,0
вывести,0
вызвать,0
вырасти,0
высокий,0
главный,0
глядеть,0
глянуть,0
горький,0
горячий,0
грозить,0
громкий,0
грязный,0
далекий,0
двигать,0
деревня,0
держать,0
детский,0
дешевый,0
длинный,0
дневной,0
дорогой,0
достать,0
древний,0
дрожать,0
дружить,0
единого,0
женский,0
забрать,0
закрыть,0
заменит,0
занятый,0
затхлый,0
заявить,0
звонить,0
звонкий,0
звучать,0
зеленый,0
злиться,0
значить,0
изучать,0
иметься,0
кивнуть,0
кларнет,0
колодец,0
колючий,0
комната,0
кончать,0
кормить,0
которые,0
который,0
которых,0
красный,0
краткий,0
крепкий,0
кричать,0
кровать,0
круглый,0
крутить,0
ленивый,0
любимый,0
матовый,0
махнуть,0
мертвый,0
местный,0
мечтать,0
мировой,0
молодой,0
молчать,0
мужской,0
мыслить,0
набрать,0
назвать,0
найтись,0
научный,0
нежилой,0
нервный,0
неясный,0
обещать,0
обижать,0
обычный,0
одевать,0
ожидать,0
опасный,0
осенний,0
открыть,0
очищать,0
ощущать,0
пахнуть,0
перейти,0
пестрый,0
пианино,0
плавать,0
плакать,0
платить,0
плоский,0
плотный,0
повезти,0
повести,0
поднять,0
подойти,0
поехать,0
позвать,0
поздний,0
поймать,0
полезть,0
помнить,0
понести,0
попасть,0
послать,0
потолок,0
похожий,0
править,0
пресный,0
прибыть,0
принять,0
продать,0
прожить,0
просить,0
простой,0
прочный,0
прошлый,0
прощать,0
прыгать,0
прятать,0
пускать,0
пустить,0
рождать,0
рухнуть,0
сбивать,0
сводить,0
сдавать,0
сделать,0
секунда,0
сказать,0
скрипка,0
скрытый,0
скучный,0
сладкий,0
сломать,0
служить,0
снежный,0
снижать,0
снимать,0
соленый,0
спешить,0
спорить,0
стучать,0
сходить,0
сыграть,0
тарелка,0
твердый,0
творить,0
текучий,0
тем как,0
терасса,0
терпеть,0
толстый,0
торчать,0
тратить,0
трогать,0
тусклый,0
уважать,0
уверять,0
увидеть,0
ударить,0
удаться,0
уделять,0
удобный,0
уезжать,0
указать,0
украсть,0
умереть,0
умирать,0
упругий,0
уходить,0
хватать,0
хватить,0
хрупкий,0
цимбалы,0
частить,0
частный,0
честный,0
шептать,0
явиться,0
аграрный,0
апельсин,0
блестеть,0
бороться,0
вежливый,0
весенний,0
ветреный,0
вечерний,0
вздыхать,0
взрослый,0
видеться,0
вставать,0
вступать,0
вступить,0
выбирать,0
выводить,0
выдавать,0
выделять,0
выезжать,0
вызывать,0
выносить,0
выпивать,0
выражать,0
вытащить,0
выходить,0
выявлять,0
говорить,0
голодный,0
грустный,0
даваться,0
делаться,0
добавить,0
добиться,0
добывать,0
доверять,0
доводить,0
доходить,0
духовный,0
душистый,0
жениться,0
заболеть,0
забывать,0
зависеть,0
заводить,0
задавать,0
закрытый,0
заливать,0
заменять,0
замереть,0
заметить,0
замечать,0
занимать,0
заняться,0
западный,0
записать,0
засыпать,0
заходить,0
захотеть,0
заявлять,0
здоровый,0
знакомый,0
избегать,0
избирать,0
извинить,0
издавать,0
излагать,0
излишний,0
исходить,0
исчезать,0
к работе,0
казаться,0
касаться,0
кинуться,0
клавесин,0
ключевой,0
конечный,0
короткий,0
красивый,0
крикнуть,0
ложиться,0
массовый,0
меняться,0
миновать,0
морозный,0
набирать,0
надевать,0
надоесть,0
называть,0
намечать,0
наносить,0
написать,0
нарушать,0
находить,0
начаться,0
начинать,0
небрежно,0
немодный,0
ненужный,0
неровный,0
неточный,0
новейший,0
обвинять,0
обладать,0
обнимать,0
обойтись,0
обратить,0
обращать,0
обретать,0
обходить,0
объявить,0
означать,0
окружать,0
опускать,0
опустить,0
освещать,0
оставить,0
остаться,0
осуждать,0
отбирать,0
ответить,0
отвечать,0
отводить,0
отдавать,0
отделять,0
отдыхать,0
открытый,0
отличать,0
отменять,0
отметить,0
отмечать,0
относить,0
отражать,0
отрезать,0
отрывать,0
отсталый,0
отходить,0
охранять,0
передать,0
передний,0
победить,0
побежать,0
побывать,0
поверить,0
повесить,0
повышать,0
погибать,0
подавать,0
подарить,0
подумать,0
пожалеть,0
пожелать,0
показать,0
покачать,0
покидать,0
покинуть,0
покупать,0
полагать,0
полезный,0
полететь,0
положить,0
получать,0
получить,0
полюбить,0
помешать,0
помогать,0
понимать,0
понятный,0
попадать,0
поражать,0
посадить,0
посещать,0
посидеть,0
постоять,0
посылать,0
потерять,0
потянуть,0
походить,0
почитать,0
пояснить,0
привезти,0
привести,0
приехать,0
признать,0
прийтись,0
принести,0
прислать,0
приятный,0
провести,0
простить,0
прочесть,0
пушистый,0
пытаться,0
радовать,0
развитой,0
реальный,0
решаться,0
решиться,0
рисовать,0
родиться,0
садиться,0
саксофон,0
северный,0
сельский,0
семейный,0
скромный,0
скрывать,0
слышимый,0
смеяться,0
смотреть,0
собирать,0
сожалеть,0
сообщать,0
сообщить,0
состоять,0
спросить,0
спрятать,0
спускать,0
страдать,0
странный,0
стрелять,0
стройный,0
схватить,0
типичный,0
тянуться,0
убеждать,0
удивлять,0
узнавать,0
украшать,0
услышать,0
успевать,0
устроить,0
уступать,0
утренний,0
холодный,0
хотеться,0
хохотать,0
целовать,0
человеко,0
черствый,0
шершавый,0
являться,0
ароматный,0
балалайка,0
блестящий,0
бросаться,0
броситься,0
вернуться,0
вероятный,0
взглянуть,0
вздохнуть,0
внезапный,0
возможный,0
возникать,0
возражать,0
волновать,0
восточный,0
вражеский,0
временить,0
вспомнить,0
встретить,0
встречать,0
выглядеть,0
выдвигать,0
выдержать,0
вынуждать,0
выполнять,0
выпускать,0
выпустить,0
вырастать,0
выскочить,0
выступать,0
выступить,0
гордиться,0
городской,0
двигаться,0
двинуться,0
держаться,0
добавлять,0
добраться,0
дождаться,0
дождливый,0
допускать,0
допустить,0
доставать,0
достаться,0
достигать,0
доступный,0
дружеский,0
единичный,0
завершать,0
зависимый,0
заглянуть,0
заключать,0
закончить,0
закричать,0
закрывать,0
замолчать,0
заплакать,0
заплатить,0
заполнять,0
запомнить,0
запрещать,0
заставить,0
известный,0
исключать,0
исполнять,0
исчезнуть,0
кончаться,0
кончиться,0
косвенный,0
маленький,0
медленный,0
моральный,0
наблюдать,0
надеяться,0
назначать,0
наполнять,0
напомнить,0
настоящий,0
наступать,0
наступить,0
научиться,0
невидимый,0
нелюбимый,0
неудобный,0
нравиться,0
нуждаться,0
обидеться,0
обсуждать,0
объявлять,0
объяснить,0
объяснять,0
ожидаемый,0
оказаться,0
оказывать,0
опасаться,0
опираться,0
описывать,0
осваивать,0
оставлять,0
открывать,0
открыться,0
отправить,0
отпускать,0
отпустить,0
оформлять,0
ошибаться,0
пасмурный,0
пассивный,0
перевести,0
перед тем,0
передовой,0
перестать,0
побеждать,0
повернуть,0
повторить,0
повторять,0
погибнуть,0
поглядеть,0
подавлять,0
подбирать,0
подводить,0
подлежать,0
поднимать,0
подняться,0
подождать,0
подписать,0
подходить,0
позволить,0
позволять,0
позвонить,0
покрывать,0
помолчать,0
пообещать,0
попросить,0
порождать,0
посвящать,0
последний,0
послужить,0
послушать,0
поставить,0
построить,0
поступать,0
поступить,0
потерпеть,0
потрясать,0
появиться,0
превышать,0
прибывать,0
приводить,0
привозить,0
привыкать,0
придавать,0
придумать,0
приезжать,0
прижимать,0
призывать,0
приказать,0
применять,0
принимать,0
приносить,0
приняться,0
природный,0
присылать,0
приходить,0
пробовать,0
проверять,0
проводить,0
провожать,0
продавать,0
проживать,0
произойти,0
проникать,0
пропадать,0
протянуть,0
проходить,0
прочитать,0
проявлять,0
публичный,0
разбивать,0
разбирать,0
разбудить,0
развивать,0
разводить,0
раздаться,0
разделять,0
различать,0
различный,0
размещать,0
разрешать,0
разрешить,0
разрушать,0
расширять,0
рисковать,0
рождаться,0
свободный,0
связывать,0
сделаться,0
скользкий,0
следовать,0
сложиться,0
случаться,0
случиться,0
соблюдать,0
собраться,0
совершать,0
совершить,0
совпадать,0
содержать,0
соединять,0
сокращать,0
солнечный,0
составить,0
сохранять,0
спокойный,0
стараться,0
страивать,0
строиться,0
считаться,0
танцевать,0
торговать,0
требовать,0
уверенный,0
удаваться,0
удивиться,0
указывать,0
укреплять,0
улыбаться,0
уменьшать,0
упоминать,0
управлять,0
учитывать,0
этический,0
безопасный,0
беседовать,0
беспокоить,0
виолончель,0
вкладывать,0
внутренний,0
возбуждать,0
возвращать,0
возникнуть,0
возрастать,0
вспоминать,0
выделяться,0
выигрывать,0
выражаться,0
выставлять,0
выхаживать,0
выясниться,0
говориться,0
голосовать,0
готовиться,0
добиваться,0
добираться,0
догадаться,0
доказывать,0
доставлять,0
достигнуть,0
жаловаться,0
заботиться,0
завидовать,0
заговорить,0
задуматься,0
заказывать,0
закреплять,0
заниматься,0
записывать,0
засмеяться,0
заставлять,0
захотеться,0
извиняться,0
измениться,0
изображать,0
интересный,0
испугаться,0
испытывать,0
какой-либо,0
квадратный,0
конкретный,0
культурный,0
мимолетный,0
называться,0
напечатать,0
напоминать,0
направлять,0
нарисовать,0
настаивать,0
насыщенный,0
находиться,0
начинаться,0
незнакомый,0
ненавидеть,0
ненадежный,0
непонятный,0
неприятный,0
неслышимый,0
нормальный,0
обернуться,0
обманывать,0
обнаружить,0
обозначать,0
обратиться,0
обращаться,0
обходиться,0
объединять,0
оглянуться,0
одинаковый,0
оплачивать,0
определить,0
определять,0
основывать,0
осознавать,0
оставаться,0
остановить,0
осторожный,0
отказаться,0
отказывать,0
отличаться,0
относиться,0
отозваться,0
отправлять,0
охватывать,0
пастельный,0
переводить,0
передавать,0
переживать,0
переносить,0
переходить,0
пластичный,0
поговорить,0
поддержать,0
поделиться,0
показаться,0
показывать,0
полагаться,0
получаться,0
получиться,0
пользовать,0
попадаться,0
популярный,0
попытаться,0
посмотреть,0
поставлять,0
постоянный,0
пострадать,0
потянуться,0
поцеловать,0
появляться,0
правильный,0
превращать,0
предлагать,0
предложить,0
предстоять,0
прекращать,0
приближать,0
привлекать,0
привыкнуть,0
пригласить,0
приглашать,0
признавать,0
признаться,0
прикрывать,0
приобрести,0
продолжать,0
продолжить,0
прозвучать,0
прозрачный,0
произвести,0
произнести,0
пропускать,0
проснуться,0
просторный,0
прохладный,0
прошептать,0
радоваться,0
развлекать,0
разглядеть,0
раздражать,0
размышлять,0
разуметься,0
раскрывать,0
рассказать,0
рассуждать,0
руководить,0
сдерживать,0
складывать,0
собираться,0
советовать,0
соображать,0
составлять,0
состояться,0
социальный,0
спрашивать,0
спускаться,0
спуститься,0
сравнивать,0
стабильный,0
стесняться,0
стремиться,0
счастливый,0
торопиться,0
убеждаться,0
удерживать,0
удивляться,0
укладывать,0
улыбнуться,0
уникальный,0
уничтожать,0
установить,0
устраивать,0
утверждать,0
утрачивать,0
физический,0
финансовый,0
формальный,0
фортепиано,0
химический,0
эластичный,0
абстрактный,0
агрессивный,0
бесконечный,0
благодарить,0
вдохновлять,0
взглядывать,0
возглавлять,0
волноваться,0
воскликнуть,0
воспитывать,0
восхищаться,0
времени или,0
встретиться,0
встречаться,0
выбрасывать,0
выдерживать,0
высказывать,0
вытаскивать,0
действовать,0
деревенский,0
докладывать,0
заглядывать,0
задерживать,0
заканчивать,0
закладывать,0
заключаться,0
закончиться,0
заслуживать,0
захватывать,0
изготовлять,0
исследовать,0
командовать,0
контрастный,0
медицинский,0
миролюбивый,0
монохромный,0
наблюдаться,0
направиться,0
настраивать,0
невероятный,0
невозможный,0
недоступный,0
независимый,0
неизвестный,0
нейтральный,0
необходимый,0
неожиданный,0
объясняться,0
оказываться,0
оправдывать,0
освобождать,0
откладывать,0
откровенный,0
открываться,0
отправиться,0
официальный,0
переставать,0
перечислять,0
планировать,0
повернуться,0
поглядывать,0
подниматься,0
подозревать,0
подписывать,0
подтвердить,0
поздравлять,0
понравиться,0
попробовать,0
последовать,0
послышаться,0
постараться,0
постепенный,0
потребовать,0
представить,0
предъявлять,0
придумывать,0
применяться,0
приниматься,0
приобретать,0
приходиться,0
проводиться,0
проговорить,0
производить,0
произносить,0
происходить,0
прославлять,0
просыпаться,0
протягивать,0
прочитывать,0
проявляться,0
разбираться,0
развиваться,0
разобраться,0
располагать,0
рассмеяться,0
расходиться,0
реагировать,0
реализовать,0
современный,0
согласиться,0
соглашаться,0
создаваться,0
сомневаться,0
сохраниться,0
сохраняться,0
справляться,0
становиться,0
технический,0
требоваться,0
треугольный,0
увеличивать,0
увеличиться,0
уговаривать,0
употреблять,0
усмехнуться,0
успокаивать,0
успокоиться,0
участвовать,0
философский,0
формировать,0
центральный,0
чувствовать,0
шероховатый,0
юридический,0
арестовывать,0
возвращаться,0
воспринимать,0
вырабатывать,0
газообразный,0
догадываться,0
договориться,0
естественный,0
задумываться,0
зарабатывать,0
игнорировать,0
интересовать,0
использовать,0
исторический,0
классический,0
коллективный,0
коммерческий,0
любительский,0
медлительный,0
наслаждаться,0
непопулярный,0
неправильный,0
непрозрачный,0
нестабильный,0
неформальный,0
обеспечивать,0
обнаруживать,0
обрадоваться,0
образоваться,0
образовывать,0
общественный,0
оглядываться,0
ограничивать,0
определяться,0
организовать,0
остановиться,0
осуществлять,0
отказываться,0
отправляться,0
периферийный,0
поворачивать,0
поддерживать,0
подтверждать,0
подчеркивать,0
показываться,0
политический,0
пользоваться,0
понадобиться,0
посоветовать,0
превратиться,0
превращаться,0
предлагаться,0
предполагать,0
предпочитать,0
представлять,0
предупредить,0
преодолевать,0
преследовать,0
приближаться,0
признаваться,0
принадлежать,0
пробормотать,0
продолжаться,0
промышленный,0
процессору с,0
разглядывать,0
разноцветный,0
рассказывать,0
расставаться,0
рассчитывать,0
родительский,0
складываться,0
сопровождать,0
сталкиваться,0
существовать,0
традиционный,0
трудолюбивый,0
эстетический,0
биологический,0
гарантировать,0
заканчиваться,0
здравствовать,0
инновационный,0
искусственный,0
логистический,0
неофициальный,0
обуславливать,0
останавливать,0
отрицательный,0
отсутствовать,0
планироваться,0
познакомиться,0
положительный,0
потребоваться,0
почувствовать,0
предназначать,0
предоставлять,0
предпринимать,0
предупреждать,0
производиться,0
противоречить,0
развивающийся,0
разговаривать,0
разрабатывать,0
располагаться,0
рассматривать,0
рекомендовать,0
сомневающийся,0
устанавливать,0
экономический,0
второстепенный,0
договариваться,0
дополнительный,0
индивидуальный,0
интересоваться,0
использоваться,0
контролировать,0
математический,0
низкозатратный,0
опубликовывать,0
организовывать,0
осуществляться,0
поворачиваться,0
подготавливать,0
предполагаться,0
представляться,0
приветствовать,0
приготавливать,0
прислушиваться,0
присутствовать,0
способствовать,0
сформулировать,0
цивилизованный,0
воспользоваться,0
вспомогательный,0
государственный,0
демонстрировать,0
ориентированный,0
особенностей но,0
останавливаться,0
предусматривать,0
психологический,0
работник должен,0
рассматриваться,0
соответствовать,0
устанавливаться,0
характеризовать,0
должен перестать,0
зарегистрировать,0
поинтересоваться,0
профессиональный,0
распространенный,0
свидетельствовать,0
продемонстрировать,0
5g,1
ai,1
cd,1
ci,1
fm,1
go,1
hr,1
it,1
k9,1
ml,1
n1,1
nf,1
s3,1
ux,1
vr,1
ии,1
app,1
asr,1
cnn,1
crf,1
crm,1
dbt,1
dna,1
dpo,1
dvc,1
ebm,1
ec2,1
ecg,1
eda,1
edr,1
eeg,1
erp,1
gan,1
gat,1
gcn,1
gcp,1
gnn,1
gpt,1
gpu,1
gql,1
gru,1
hgt,1
hmc,1
hmm,1
hsm,1
hub,1
iam,1
iot,1
ips,1
jax,1
jwt,1
llm,1
lsh,1
lsm,1
mem,1
mfa,1
mlx,1
moe,1
mpc,1
ndr,1
nft,1
nim,1
nlp,1
ocr,1
owl,1
pam,1
pgm,1
pos,1
rag,1
ray,1
rdf,1
rnn,1
rpa,1
sde,1
sft,1
sgx,1
soc,1
sql,1
sre,1
sse,1
sso,1
svi,1
tpm,1
tts,1
tvm,1
vae,1
vpn,1
web,1
апи,1
бот,1
бэк,1
веб,1
вес,1
код,1
кэш,1
лог,1
хэш,1
abac,1
acme,1
advi,1
auto,1
axon,1
bard,1
bert,1
bias,1
casb,1
chex,1
coax,1
coda,1
coin,1
dart,1
data,1
edge,1
fido,1
flax,1
flow,1
gait,1
glow,1
groq,1
grpc,1
heap,1
hive,1
ipfs,1
iree,1
iris,1
jira,1
kino,1
kiwi,1
loop,1
lora,1
lstm,1
mcmc,1
memm,1
mojo,1
node,1
nuts,1
odin,1
oidc,1
oled,1
onnx,1
palm,1
peft,1
pgql,1
rbac,1
rgcn,1
rlax,1
rlhf,1
roam,1
rule,1
rust,1
saas,1
saml,1
sase,1
scim,1
sgld,1
siem,1
soar,1
svgd,1
tune,1
uber,1
wasm,1
web3,1
yaml,1
zero,1
zoho,1
zoom,1
ztna,1
база,1
банк,1
батч,1
ддос,1
диск,1
жест,1
звук,1
игра,1
ключ,1
опыт,1
патч,1
речь,1
сети,1
сеть,1
слой,1
софт,1
стек,1
субд,1
тест,1
фича,1
форк,1
шифр,1
шлюз,1
юнит,1
ядро,1
язык,1
adobe,1
agent,1
agile,1
apple,1
azure,1
bloom,1
btree,1
cache,1
cloud,1
comet,1
cypht,1
debug,1
faiss,1
figma,1
flink,1
front,1
gibbs,1
gleam,1
gmail,1
haiku,1
horde,1
human,1
hyper,1
julia,1
kafka,1
keras,1
linux,1
llama,1
mouse,1
neo4j,1
nosql,1
nylas,1
oauth,1
optax,1
patch,1
qlora,1
query,1
queue,1
react,1
redis,1
relay,1
rllib,1
score,1
scrum,1
serve,1
shard,1
skiff,1
slack,1
snark,1
solid,1
spark,1
spike,1
sqlpg,1
stack,1
stark,1
swift,1
teams,1
token,1
trace,1
train,1
trust,1
unity,1
vault,1
voice,1
wandb,1
yahoo,1
админ,1
бэкап,1
видео,1
вилка,1
город,1
дебаг,1
докер,1
домен,1
живой,1
канал,1
кибер,1
клауд,1
книга,1
кодер,1
кубер,1
макет,1
мышка,1
наука,1
поиск,1
смарт,1
сокет,1
текст,1
токен,1
тренд,1
умный,1
фронт,1
хакер,1
эпоха,1
airbnb,1
amazon,1
automl,1
biases,1
broker,1
canary,1
carbon,1
chroma,1
claude,1
cohere,1
crypto,1
cuckoo,1
cypher,1
dall-e,1
deploy,1
design,1
docker,1
edgeai,1
edison,1
elixir,1
ethics,1
facial,1
filter,1
gemini,1
github,1
gitlab,1
gitops,1
google,1
hadoop,1
heroku,1
hotjar,1
jaeger,1
kernel,1
kibana,1
kotlin,1
lambda,1
ledger,1
logseq,1
looker,1
metric,1
milvus,1
mlflow,1
mobile,1
module,1
newton,1
notion,1
openid,1
optuna,1
oracle,1
parser,1
plugin,1
presto,1
proton,1
pulumi,1
qdrant,1
redash,1
reddit,1
retina,1
router,1
schema,1
script,1
sentry,1
server,1
sketch,1
sparql,1
splunk,1
stable,1
stream,1
tiktok,1
tinyml,1
triton,1
unreal,1
vector,1
vercel,1
xplore,1
анализ,1
ботнет,1
бэкенд,1
важный,1
вебхук,1
вектор,1
вендор,1
воздух,1
гаджет,1
гибкий,1
график,1
данные,1
движок,1
девопс,1
деплой,1
диалог,1
дизайн,1
доступ,1
железо,1
журнал,1
запрос,1
защита,1
индекс,1
инсайт,1
интент,1
логгер,1
логика,1
модель,1
модуль,1
нейрон,1
облако,1
объект,1
ошибка,1
память,1
пароль,1
парсер,1
плагин,1
платеж,1
работа,1
реестр,1
резерв,1
сенсор,1
сервер,1
сервис,1
сжатие,1
синтез,1
скрипт,1
тензор,1
трафик,1
утечка,1
физика,1
фильтр,1
финтех,1
фишинг,1
чайник,1
чатбот,1
эмоция,1
adobexd,1
airflow,1
ansible,1
backend,1
bigdata,1
blender,1
bugsnag,1
chatbot,1
chatgpt,1
clearml,1
cluster,1
control,1
copilot,1
crystal,1
datadog,1
discord,1
enclave,1
explain,1
fintech,1
gateway,1
grafana,1
graphql,1
gremlin,1
hugging,1
mailbox,1
malware,1
minhash,1
mini g1,1
missive,1
mistral,1
mixture,1
modular,1
mongodb,1
monitor,1
neptune,1
netflix,1
netlify,1
network,1
openxla,1
outlook,1
phoenix,1
pinsage,1
postbox,1
powerbi,1
predict,1
pruning,1
pytorch,1
retrain,1
rollbar,1
runtime,1
samsung,1
segment,1
simhash,1
tableau,1
tealium,1
thermal,1
trigger,1
twitter,1
version,1
viterbi,1
weights,1
аппарат,1
военный,1
графика,1
даркнет,1
дашборд,1
декодер,1
драйвер,1
дропаут,1
игровой,1
инженер,1
кластер,1
малварь,1
матрица,1
метрика,1
монитор,1
ноутбук,1
парсинг,1
паттерн,1
перевод,1
подпись,1
признак,1
прогноз,1
пуллинг,1
рабочий,1
реплика,1
система,1
следить,1
слушать,1
слышать,1
собрать,1
создать,1
спасать,1
средний,1
ставить,1
строить,1
считать,1
трейсер,1
трекинг,1
трудный,1
тяжелый,1
убирать,1
учиться,1
фаервол,1
финансы,1
флагман,1
функция,1
хостинг,1
хранить,1
шардинг,1
эксперт,1
энкодер,1
absinthe,1
airtable,1
bayesian,1
database,1
datasets,1
diffpool,1
dopamine,1
emclient,1
endpoint,1
explorer,1
facebook,1
fairness,1
fastmail,1
feedback,1
firewall,1
frontend,1
hardware,1
hastings,1
haystack,1
indexing,1
kubeflow,1
linkedin,1
mailbird,1
mailpile,1
metabase,1
metadata,1
metaflow,1
mixpanel,1
newrelic,1
obsidian,1
passkeys,1
patricia,1
pinecone,1
pipeline,1
protocol,1
rabbitmq,1
rainloop,1
redshift,1
robotics,1
security,1
semantic,1
sharding,1
snapchat,1
snapshot,1
snowplow,1
sparsity,1
superset,1
tutanota,1
vegalite,1
weaviate,1
webauthn,1
workflow,1
алгоритм,1
аналитик,1
анимация,1
аномалия,1
балансер,1
блокчейн,1
включать,1
включить,1
внимание,1
вскочить,1
выиграть,1
градиент,1
графовая,1
дарквейб,1
джойстик,1
документ,1
загрузка,1
интернет,1
контекст,1
контракт,1
контроль,1
лаунчпад,1
машинный,1
механизм,1
микрофон,1
моментум,1
надежный,1
облачное,1
облачные,1
облачный,1
обратное,1
обучение,1
общаться,1
основной,1
паттерны,1
персонал,1
печатать,1
протокол,1
прототип,1
прошивка,1
сигмоида,1
смартфон,1
софтмакс,1
точность,1
фронтенд,1
хардфорк,1
хранение,1
цифровая,1
цифровой,1
эксплойт,1
эмуляция,1
alignment,1
amplitude,1
analytics,1
anthropic,1
assistant,1
baumwelch,1
biometric,1
bitbucket,1
bugbounty,1
bumblebee,1
cassandra,1
container,1
dashboard,1
diffusion,1
dynatrace,1
embedding,1
ensighten,1
federated,1
honeycomb,1
keystroke,1
lightstep,1
metaverse,1
microsoft,1
mparticle,1
pachyderm,1
pinterest,1
retrieval,1
roundcube,1
snowflake,1
synthetic,1
telemetry,1
terraform,1
workflows,1
zookeeper,1
агрегация,1
активация,1
аналитика,1
ассистент,1
биометрия,1
валидация,1
веб-сокет,1
виртуалка,1
временный,1
генерация,1
гибридный,1
голосовой,1
девелопер,1
диаграмма,1
загрузчик,1
инновация,1
интеллект,1
интерфейс,1
компонент,1
коннектор,1
контейнер,1
логистика,1
настройка,1
нейросеть,1
обработка,1
оценивать,1
платформа,1
провайдер,1
программа,1
проектами,1
процессор,1
регрессия,1
резервное,1
рендеринг,1
семантика,1
серверный,1
симуляция,1
системный,1
фреймворк,1
хранилище,1
экономика,1
эмбеддинг,1
юзабилити,1
юнит-тест,1
automation,1
behavioral,1
biometrics,1
blockchain,1
cloudflare,1
clustergcn,1
confluence,1
crossmodal,1
databricks,1
encryption,1
finetuning,1
kubernetes,1
llamaindex,1
mailspring,1
management,1
metropolis,1
middleware,1
midjourney,1
mimestream,1
monitoring,1
multimodal,1
opencypher,1
opensource,1
pentesting,1
perplexity,1
postgresql,1
prometheus,1
robustness,1
serverless,1
superhuman,1
tensorflow,1
typescript,1
voiceprint,1
адаптивный,1
аппаратное,1
архитектор,1
безопасник,1
библиотека,1
веб-сервер,1
вычисления,1
датасайенс,1
инвестиция,1
индексация,1
инструмент,1
интегратор,1
интеграция,1
кибератака,1
клавиатура,1
компоненты,1
корреляция,1
мониторинг,1
надежность,1
обфускация,1
приложение,1
разделение,1
разработка,1
реальность,1
репликация,1
сертификат,1
телеметрия,1
технология,1
транзакция,1
тренировка,1
управление,1
устройство,1
уязвимость,1
шифрование,1
экосистема,1
adversarial,1
countsketch,1
fingerprint,1
homomorphic,1
huggingface,1
hyperloglog,1
rudderstack,1
thunderbird,1
transformer,1
variational,1
авторизация,1
архитектура,1
аугментация,1
виртуальный,1
графический,1
доступность,1
изображение,1
кеширование,1
киберугроза,1
киберфизика,1
копирование,1
кэширование,1
логирование,1
маркетплейс,1
микросервис,1
модульность,1
обеспечение,1
оптимизатор,1
оптимизация,1
оркестрация,1
программист,1
разработчик,1
реляционная,1
репозиторий,1
роботизация,1
сегментация,1
тестировщик,1
токенизация,1
трансформер,1
трассировка,1
управляемый,1
хеширование,1
хэширование,1
электронный,1
bulletproofs,1
confidential,1
distillation,1
electronmail,1
orchestrator,1
passwordless,1
quantization,1
ryzen ai max,1
squirrelmail,1
tokenization,1
автоскейлинг,1
адаптивность,1
анонимизация,1
балансировка,1
безопасность,1
визуализация,1
геймификация,1
декомпиляция,1
кибершпионаж,1
киберэксперт,1
конфигурация,1
криптовалюта,1
криптография,1
микросервисы,1
недообучение,1
нейроморфный,1
нормализация,1
операционная,1
переобучение,1
пользователь,1
рекуррентный,1
тестирование,1
устойчивость,1
цифровизация,1
шардирование,1
elasticsearch,1
microservices,1
opentelemetry,1
orchestration,1
reinforcement,1
smartcontract,1
автоматизация,1
виртуализация,1
гиперпараметр,1
классификация,1
кластеризация,1
маршрутизатор,1
маршрутизация,1
метавселенная,1
нереляционная,1
предобработка,1
представление,1
развертывание,1
распознавание,1
распределение,1
регуляризация,1
трансформация,1
ayaneo flip 1s,1
computer vision,1
constitutional,1
differentiable,1
аутентификация,1
веб-разработка,1
восстановление,1
журналирование,1
инструментарий,1
инфраструктура,1
нейроинтерфейс,1
низкоуровневый,1
проектирования,1
профилирование,1
распределенная,1
распределенный,1
резервирование,1
транзакционная,1
транзакционный,1
широкополосный,1
восстанавливать,1
децентрализация,1
интерактивность,1
консистентность,1
контейнеризация,1
облачный_сервис,1
распространение,1
гибридное_облако,1
масштабируемость,1
кибербезопасность,1
киберустойчивость,1
производительность,1
интероперабельность,1